排名,球员,效力球队,位置,年龄,场数,时间,回合占有率,回合占有率  %,真实命中率,真实命中率  %,助攻率,助攻率  %,助攻率/回合占有率,助攻率/回合占有率  %,失误率,失误率  %
1,姜伟泽,九台农商银行,控球后卫,22,38,1442,65,21.8%,71,56.5%,18,18.8%,5,0.86,93,11.9%
2,陈盈骏,广州龙狮,控球后卫,29,38,1437,73,22.5%,95,61.7%,91,41.1%,78,1.83,75,14.8%
3,姜宇星,九台农商银行,小前锋,27,38,1421,65,18.3%,87,62.2%,78,14.3%,76,0.78,74,11.0%
4,崔晋铭,九台农商银行,得分后卫,30,38,1392,43,17.3%,84,57.3%,46,16.6%,59,0.96,71,13.0%
5,原帅,山西汾酒股份,得分后卫,28,38,1323,41,17.3%,95,63.1%,8,7.9%,6,0.46,92,9.4%
6,祝铭震,广州龙狮,小前锋,26,37,1313,54,16.9%,54,55.4%,35,7.2%,20,0.43,89,8.5%
7,邢志强,山西汾酒股份,大前锋,28,38,1270,26,14.2%,60,58.6%,23,6.2%,32,0.43,88,8.5%
8,陈林坚,福建浔兴股份,大前锋,29,34,1217,89,22.3%,39,53.5%,82,12.4%,61,0.56,63,11.3%
9,齐麟,新疆伊力王酒,小前锋,23,37,1202,80,21.0%,30,52.9%,65,11.9%,39,0.57,56,12.8%
10,阿不都沙拉木,新疆伊力王酒,大前锋,26,32,1189,98,26.7%,54,57.9%,98,18.1%,79,0.68,65,11.2%
11,林庭谦,天津先行者,得分后卫,23,37,1185,78,23.8%,63,54.9%,79,27.5%,70,1.16,56,14.9%
12,朱俊龙,浙江广厦控股,小前锋,23,37,1180,11,12.1%,98,66.5%,28,6.8%,37,0.56,70,11.1%
13,贺希宁,深圳马可波罗,小前锋,25,35,1177,78,20.8%,69,57.8%,93,17.6%,85,0.85,43,13.4%
14,李江淮,福建浔兴股份,得分后卫,30,36,1175,6,13.8%,49,53.3%,62,21.1%,89,1.53,41,15.7%
15,胡金秋,浙江广厦控股,大前锋,25,37,1171,91,22.3%,100,75.7%,14,5.7%,4,0.25,86,8.6%
16,唐才育,新疆伊力王酒,得分后卫,25,35,1158,27,15.9%,86,57.4%,33,13.8%,49,0.87,78,12.5%
17,胡明轩,广东东莞大益,得分后卫,24,38,1144,60,20.5%,79,56.8%,78,24.6%,75,1.20,44,15.5%
18,景菡一,四川金荣实业,得分后卫,23,37,1135,56,20.3%,59,54.6%,52,18.5%,51,0.91,40,15.8%
19,陶汉林,山东高速,中锋,31,31,1131,69,22.2%,72,62.6%,40,8.1%,28,0.36,69,12.5%
20,费尔德,山西汾酒股份,控球后卫,27,35,1117,93,34.1%,69,55.8%,100,57.2%,65,1.68,98,10.7%
21,徐杰,广东东莞大益,控球后卫,22,36,1115,44,17.4%,87,59.9%,35,25.1%,47,1.44,76,14.5%
22,陈培东,山东高速,得分后卫,23,38,1115,48,18.3%,38,49.7%,56,19.5%,63,1.06,60,14.5%
23,金鑫,天津先行者,小前锋,27,38,1109,35,15.1%,50,55.0%,22,6.5%,22,0.43,83,9.4%
24,任骏威,上海久事,大前锋,32,37,1105,39,15.6%,53,57.8%,63,9.6%,72,0.62,75,10.3%
25,赵率舟,苏州肯帝亚,小前锋,27,36,1098,63,18.0%,72,59.1%,50,9.9%,35,0.55,98,6.8%
26,廖三宁,北京控股,控球后卫,21,37,1088,76,23.7%,36,47.6%,45,28.0%,22,1.18,71,15.4%
27,赵继伟,辽宁本钢,控球后卫,27,37,1080,75,23.4%,75,57.0%,93,42.5%,76,1.82,49,18.6%
28,张宁,山西汾酒股份,小前锋,25,38,1080,56,16.9%,65,56.9%,54,10.2%,52,0.60,48,13.3%
29,吴前,浙江稠州金租,控球后卫,28,35,1076,87,28.5%,73,56.6%,57,34.7%,27,1.22,69,15.8%
30,范子铭,北京首钢,大前锋,24,35,1066,81,20.4%,88,62.8%,96,17.3%,93,0.85,68,11.0%
31,张镇麟,辽宁本钢,小前锋,23,33,1061,83,21.2%,20,50.8%,46,8.9%,19,0.42,65,12.1%
32,葛昭宝,山西汾酒股份,中锋,30,35,1059,72,22.5%,66,60.8%,85,16.9%,79,0.75,87,9.8%
33,高诗岩,山东高速,控球后卫,26,33,1051,64,21.5%,38,47.7%,80,38.7%,73,1.80,65,16.2%
34,王子瑞,南京同曦宙光,控球后卫,29,33,1046,80,24.2%,42,48.9%,56,32.8%,38,1.35,60,17.3%
35,孙铭徽,浙江广厦控股,控球后卫,26,35,1037,89,29.0%,65,55.2%,96,47.0%,60,1.62,47,18.8%
36,张彪,宁波甬兴证券,大前锋,32,35,1035,93,23.7%,57,58.5%,95,16.4%,81,0.69,51,12.8%
37,摩尔特里,新疆伊力王酒,中锋,32,25,1032,79,24.8%,97,70.4%,70,13.0%,56,0.52,78,10.7%
38,翟晓川,北京首钢,小前锋,29,35,1026,72,19.6%,43,53.8%,87,15.8%,80,0.80,33,14.5%
39,朱松玮,四川金荣实业,大前锋,26,36,1023,88,21.3%,51,56.0%,93,15.4%,86,0.72,35,15.5%
40,罗汉琛,上海久事,控球后卫,28,38,1022,11,13.1%,82,58.6%,9,16.7%,33,1.27,95,11.6%
41,布克,深圳马可波罗,控球后卫,29,37,1016,85,28.2%,64,55.1%,95,43.3%,53,1.54,91,12.0%
42,孟子凯,天津先行者,大前锋,26,38,1015,74,19.1%,75,62.2%,60,9.4%,47,0.49,53,12.3%
43,王奕博,浙江稠州金租,控球后卫,23,38,1011,53,19.3%,78,57.6%,76,38.0%,87,1.96,44,19.4%
44,黄毅超,福建浔兴股份,小前锋,30,32,1004,59,17.7%,61,56.0%,33,7.2%,15,0.41,78,10.5%
45,张殿梁,四川金荣实业,大前锋,25,38,1000,75,19.3%,68,59.6%,74,10.6%,60,0.55,46,13.5%
46,王哲林,上海久事,中锋,28,36,982,87,26.3%,61,60.0%,61,10.8%,39,0.41,63,13.0%
47,钟诚,九台农商银行,中锋,33,38,982,25,15.8%,12,50.3%,91,20.6%,96,1.30,36,16.0%
48,赵柏清,南京同曦宙光,大前锋,24,33,977,63,18.1%,79,62.4%,40,7.6%,30,0.42,49,12.9%
49,多米尼克-琼斯,九台农商银行,得分后卫,34,25,971,98,32.9%,51,53.4%,97,42.9%,78,1.30,89,10.1%
50,程帅澎,浙江稠州金租,得分后卫,23,35,959,68,22.3%,76,56.6%,63,21.4%,56,0.96,52,15.3%
51,李安,九台农商银行,中锋,32,38,957,40,17.8%,48,56.1%,30,7.0%,33,0.39,94,8.3%
52,顾全,深圳马可波罗,大前锋,30,32,957,95,23.9%,86,62.8%,81,11.7%,46,0.49,81,9.9%
53,于德豪,新疆伊力王酒,控球后卫,27,38,955,60,20.5%,20,42.2%,85,40.2%,84,1.96,28,23.3%
54,赵岩昊,浙江广厦控股,得分后卫,25,34,950,86,26.5%,89,60.6%,51,18.2%,28,0.69,79,12.0%
55,沈梓捷,深圳马可波罗,中锋,25,32,942,43,18.3%,99,71.3%,72,13.8%,81,0.75,52,14.2%
56,李慕豪,北京首钢,中锋,30,36,933,31,16.6%,73,62.9%,33,7.2%,45,0.43,85,9.9%
57,付豪,辽宁本钢,中锋,25,38,930,67,21.8%,70,62.5%,48,8.6%,34,0.39,90,9.4%
58,富兰克林,上海久事,得分后卫,31,35,927,87,26.5%,73,56.4%,98,43.6%,90,1.64,30,17.1%
59,刘铮,上海久事,小前锋,32,37,914,69,18.5%,63,56.6%,85,15.8%,87,0.85,59,12.7%
60,纳撒尼尔-梅森,广州龙狮,控球后卫,27,27,912,84,26.7%,62,53.8%,65,35.5%,36,1.33,84,13.9%
61,时德帅,天津先行者,大前锋,27,37,911,72,18.9%,30,51.4%,32,6.8%,19,0.36,39,14.6%
62,陆文博,浙江稠州金租,小前锋,25,34,901,39,15.4%,41,53.8%,30,6.8%,26,0.44,87,8.7%
63,朱旭航,浙江稠州金租,大前锋,29,31,898,79,20.3%,56,58.1%,57,9.2%,35,0.45,79,10.0%
64,刘晓宇,北京首钢,控球后卫,33,33,887,49,18.7%,45,49.9%,55,31.1%,64,1.67,62,17.0%
65,王睿泽,青岛每日优鲜,小前锋,27,37,875,67,18.5%,48,55.0%,61,10.9%,44,0.59,52,13.1%
66,黎伊扬,福建浔兴股份,控球后卫,24,38,873,62,21.1%,28,44.7%,87,40.2%,80,1.90,18,25.7%
67,陈辰,四川金荣实业,小前锋,30,36,869,81,21.2%,28,52.8%,81,14.5%,67,0.69,31,14.6%
68,任骏飞,广东东莞大益,大前锋,32,33,864,82,20.5%,63,58.8%,100,20.0%,98,0.97,44,14.0%
69,郭凯,广州龙狮,大前锋,29,28,863,53,17.7%,42,55.0%,61,9.5%,56,0.53,70,10.9%
70,周鹏,广东东莞大益,小前锋,33,32,856,87,21.8%,70,58.1%,91,17.2%,78,0.79,35,14.0%
71,黄荣奇,苏州肯帝亚,得分后卫,23,33,855,89,26.8%,8,41.9%,100,46.5%,95,1.74,13,24.2%
72,韩硕,四川金荣实业,控球后卫,36,27,853,51,18.8%,85,59.7%,47,28.2%,51,1.50,42,19.8%
73,吴羽佳,苏州肯帝亚,大前锋,23,35,849,9,12.3%,47,55.1%,28,6.3%,53,0.52,23,17.1%
74,李柏润,宁波甬兴证券,控球后卫,22,30,842,71,22.4%,53,51.5%,42,27.2%,25,1.22,38,20.3%
75,张帆,北京控股,得分后卫,26,24,838,73,23.4%,75,56.6%,68,22.3%,56,0.96,59,14.6%
76,张骋宇,青岛每日优鲜,得分后卫,33,37,836,84,26.3%,17,44.1%,44,15.7%,14,0.60,90,9.8%
77,阿尔斯兰,新疆伊力王酒,控球后卫,26,34,833,33,16.3%,44,49.2%,64,35.4%,93,2.17,80,14.0%
78,马泳,北京控股,得分后卫,24,37,833,21,15.3%,48,53.0%,30,13.2%,48,0.86,25,17.6%
79,贾诚,山东高速,中锋,31,38,831,21,15.3%,10,50.1%,34,7.2%,52,0.47,81,10.3%
80,雷蒙,北京首钢,小前锋,27,36,824,61,17.8%,80,60.0%,72,12.1%,65,0.68,26,15.0%
81,弗拉迪米尔,宁波甬兴证券,中锋,35,25,823,90,27.7%,25,53.7%,97,28.1%,94,1.02,84,10.0%
82,张永鹏,福建浔兴股份,中锋,32,38,820,16,14.9%,84,65.0%,51,9.2%,70,0.62,13,20.9%
83,闫鹏飞,山西汾酒股份,中锋,29,38,808,64,21.3%,43,55.6%,25,6.1%,15,0.29,82,10.2%
84,王少杰,北京控股,大前锋,26,34,799,51,17.5%,33,52.5%,46,8.2%,42,0.47,21,17.6%
85,蒋浩然,苏州肯帝亚,大前锋,22,38,796,86,20.6%,81,62.7%,44,8.2%,23,0.40,37,14.9%
86,容子峰,深圳马可波罗,控球后卫,23,37,790,7,11.1%,51,50.9%,0,11.9%,13,1.07,36,20.4%
87,高登,福建浔兴股份,控球后卫,31,20,788,100,44.4%,89,60.2%,98,54.7%,28,1.23,100,8.9%
88,艾孜麦提,新疆伊力王酒,大前锋,20,37,783,60,18.1%,61,58.7%,88,14.2%,88,0.79,26,17.0%
89,弗格,辽宁本钢,得分后卫,32,31,777,92,28.2%,100,66.9%,54,19.3%,27,0.69,97,8.9%
90,西热力江,南京同曦宙光,得分后卫,31,20,774,75,23.6%,43,50.8%,94,40.2%,94,1.70,56,15.1%
91,朱彦西,北京首钢,大前锋,32,35,772,16,13.0%,95,67.6%,39,7.5%,65,0.58,95,7.2%
92,罗切斯特,天津先行者,控球后卫,37,25,770,91,29.2%,100,67.0%,75,38.0%,35,1.30,96,11.2%
93,刘东,南京同曦宙光,中锋,27,32,766,52,20.3%,15,52.2%,63,11.3%,61,0.56,67,12.5%
94,马振翔,宁波甬兴证券,大前锋,22,32,755,65,18.2%,16,47.9%,65,9.7%,54,0.53,54,12.2%
95,德蒙特-爱德华兹,南京同曦宙光,小前锋,30,25,755,89,23.9%,17,49.4%,83,15.1%,56,0.63,46,13.3%
96,赵俊峰,宁波甬兴证券,控球后卫,22,33,750,40,17.1%,31,45.9%,16,18.6%,16,1.09,55,17.7%
97,余嘉豪,浙江稠州金租,中锋,19,28,750,39,17.6%,88,65.6%,24,5.9%,24,0.34,70,12.4%
98,袁堂文,上海久事,控球后卫,22,36,748,9,11.3%,13,40.3%,67,36.9%,98,3.27,13,27.5%
99,俞长栋,北京控股,大前锋,31,26,742,40,15.7%,72,59.8%,70,10.4%,75,0.66,28,16.5%
100,赵泰隆,青岛每日优鲜,小前锋,32,33,741,56,17.2%,93,63.6%,17,6.0%,13,0.35,91,8.3%
101,李原宇,青岛每日优鲜,中锋,31,31,735,28,16.4%,45,56.0%,57,10.4%,73,0.64,18,20.1%
102,杨林t,深圳马可波罗,得分后卫,27,35,733,44,17.5%,28,46.5%,67,21.9%,76,1.25,35,16.3%
103,赵嘉仁,浙江广厦控股,小前锋,23,37,733,19,13.0%,96,65.1%,41,8.2%,59,0.64,67,11.8%
104,肯尼-伯顿,天津先行者,得分后卫,31,25,727,95,32.0%,90,60.8%,92,38.0%,73,1.19,94,9.3%
105,李炎哲,广州龙狮,中锋,22,35,726,24,15.8%,79,63.6%,0,2.4%,1,0.15,27,17.6%
106,易建联,广东东莞大益,中锋,35,30,722,88,27.5%,76,63.4%,36,7.6%,13,0.28,72,12.2%
107,白昊天,深圳马可波罗,得分后卫,23,29,712,2,12.5%,37,49.1%,40,14.2%,67,1.14,70,13.4%
108,王俊杰,北京控股,控球后卫,23,33,712,38,16.6%,33,46.2%,11,17.1%,9,1.03,57,17.5%
109,郭金林,四川金荣实业,大前锋,31,31,710,19,13.0%,49,55.9%,84,12.4%,96,0.96,9,18.6%
110,刘泽一,浙江稠州金租,大前锋,23,37,710,30,14.7%,82,62.7%,18,5.9%,26,0.40,42,14.1%
111,孙熔孝,南京同曦宙光,小前锋,27,34,708,76,20.4%,39,53.7%,69,12.1%,46,0.59,63,12.5%
112,史仪,苏州肯帝亚,控球后卫,26,35,707,36,16.5%,15,40.4%,53,30.0%,75,1.81,5,30.4%
113,田宇翔,北京首钢,控球后卫,30,34,695,16,13.6%,40,48.7%,36,26.7%,85,1.96,78,14.1%
114,李添荣,上海久事,得分后卫,22,32,692,63,20.7%,97,64.2%,49,17.0%,46,0.82,46,15.5%
115,特罗特三世,宁波甬兴证券,得分后卫,34,27,692,90,28.1%,60,54.7%,86,31.5%,65,1.12,76,12.6%
116,哈达迪,四川金荣实业,中锋,37,20,691,82,25.6%,27,53.8%,100,40.2%,99,1.57,6,23.1%
117,李禄,苏州肯帝亚,中锋,20,35,691,51,19.8%,37,55.2%,15,5.1%,10,0.26,66,12.6%
118,侯逸凡,北京控股,小前锋,30,31,681,9,11.5%,89,62.6%,19,6.2%,33,0.54,72,11.0%
119,哈德森,山东高速,控球后卫,38,24,672,95,34.7%,96,63.7%,78,38.0%,18,1.10,67,16.0%
120,林韦翰,青岛每日优鲜,控球后卫,32,23,671,35,16.4%,49,50.8%,69,37.1%,95,2.26,22,24.8%
121,王庆明,青岛每日优鲜,大前锋,30,33,658,70,18.9%,46,55.0%,79,11.2%,68,0.59,16,17.8%
122,王仔路,浙江稠州金租,小前锋,25,36,653,28,14.5%,59,55.8%,74,12.8%,89,0.88,19,16.5%
123,郑准,广州龙狮,中锋,30,38,652,54,20.7%,67,61.8%,45,8.5%,37,0.41,96,7.3%
124,邹雨宸,北京控股,中锋,26,27,649,60,21.2%,46,56.0%,55,9.7%,46,0.46,24,18.3%
125,达卡里-约翰逊,青岛每日优鲜,中锋,27,25,648,94,28.7%,87,65.2%,96,26.0%,85,0.91,31,16.7%
126,哈斯,北京控股,中锋,27,32,647,81,25.0%,96,69.0%,64,11.7%,51,0.47,15,20.7%
127,赵天熠,南京同曦宙光,中锋,27,30,646,3,11.0%,51,57.0%,60,10.5%,88,0.96,88,9.5%
128,韩德君,辽宁本钢,中锋,35,28,644,46,19.0%,93,67.0%,67,12.1%,75,0.64,46,15.0%
129,李敬宇,山东高速,大前锋,31,34,642,11,12.4%,96,68.4%,91,14.4%,100,1.16,74,10.7%
130,卢鹏羽,深圳马可波罗,小前锋,21,35,642,31,14.9%,78,60.0%,44,8.9%,48,0.60,28,15.0%
131,李晓旭,辽宁本钢,大前锋,32,28,638,0,10.6%,44,55.0%,49,8.6%,89,0.81,91,7.9%
132,郭昊文,上海久事,小前锋,22,29,631,93,26.5%,85,62.2%,89,15.9%,50,0.60,24,15.3%
133,贾罗德-琼斯,浙江广厦控股,大前锋,32,25,626,96,25.6%,65,59.0%,89,14.3%,63,0.56,100,6.5%
134,许家晗,青岛每日优鲜,控球后卫,29,33,623,5,11.1%,80,58.4%,31,21.9%,89,1.98,40,20.0%
135,区俊炫,福建浔兴股份,中锋,23,33,621,61,21.2%,75,63.0%,21,5.8%,12,0.27,75,11.3%
136,王汝恒,山东高速,得分后卫,32,36,618,35,16.9%,41,50.7%,71,22.9%,79,1.36,33,16.4%
137,史鸿飞,苏州肯帝亚,控球后卫,29,22,610,69,22.3%,55,52.5%,82,38.7%,71,1.74,45,18.9%
138,郭艾伦,辽宁本钢,控球后卫,29,21,609,96,35.8%,57,52.7%,89,40.9%,20,1.14,87,12.7%
139,贾明儒,广州龙狮,得分后卫,25,36,609,25,15.9%,52,53.5%,17,9.6%,17,0.60,81,11.6%
140,丛明晨,辽宁本钢,小前锋,27,32,608,33,15.0%,91,63.0%,37,7.6%,30,0.50,50,13.2%
141,代怀博,九台农商银行,大前锋,28,32,601,42,16.4%,28,51.1%,33,7.2%,33,0.44,96,7.1%
142,丁皓然,九台农商银行,大前锋,26,34,599,67,18.2%,18,48.3%,26,6.3%,14,0.35,67,11.2%
143,郑祺龙,苏州肯帝亚,大前锋,26,35,596,12,12.4%,40,54.8%,53,8.9%,84,0.72,18,17.7%
144,宁鸿宇,宁波甬兴证券,中锋,27,33,595,56,20.8%,19,53.0%,54,9.6%,48,0.46,48,14.7%
145,田宇恒,广州龙狮,得分后卫,26,28,591,17,14.6%,78,56.7%,14,9.6%,25,0.66,65,14.1%
146,刘旭乘,福建浔兴股份,大前锋,23,34,590,21,13.5%,25,50.0%,7,4.5%,12,0.34,89,8.5%
147,韩德龙,宁波甬兴证券,得分后卫,27,19,588,46,18.2%,70,56.1%,65,21.5%,71,1.18,32,16.5%
148,许可,浙江广厦控股,控球后卫,22,34,585,28,15.6%,76,57.1%,28,21.8%,45,1.40,7,28.7%
149,吴冠希,苏州肯帝亚,中锋,28,18,574,93,28.6%,91,65.9%,79,15.2%,57,0.53,34,16.6%
150,乔文瀚,山东高速,小前锋,31,35,573,41,15.6%,81,60.6%,80,14.5%,91,0.93,17,16.7%
151,许裕茁,宁波甬兴证券,小前锋,23,31,570,52,16.4%,11,45.1%,76,13.4%,81,0.82,7,17.8%
152,许钟豪,浙江广厦控股,中锋,32,30,567,30,16.4%,39,55.4%,82,16.0%,91,0.98,25,18.0%
153,萨林杰,深圳马可波罗,中锋,30,24,567,100,32.7%,57,59.1%,94,24.2%,78,0.74,93,9.1%
154,贾昊,山西汾酒股份,小前锋,23,35,567,17,12.6%,19,49.6%,39,7.9%,56,0.63,30,14.9%
155,杜润旺,广东东莞大益,大前锋,23,26,565,14,12.6%,98,69.0%,51,8.8%,82,0.70,56,12.0%
156,张兆旭,天津先行者,中锋,35,29,561,4,12.4%,55,58.6%,22,5.9%,54,0.47,19,20.0%
157,李泓翰,四川金荣实业,得分后卫,27,29,561,54,19.9%,65,55.3%,19,10.3%,10,0.52,62,14.5%
158,田雨,天津先行者,中锋,26,28,555,36,17.5%,28,53.8%,18,5.3%,18,0.30,51,14.3%
159,冯莱,上海久事,中锋,27,23,546,91,27.8%,31,54.5%,81,15.8%,64,0.57,64,13.0%
160,兰兹博格,北京控股,小前锋,32,23,545,98,35.5%,33,53.0%,94,25.8%,69,0.73,80,9.8%
161,张祖铭,青岛每日优鲜,大前锋,27,30,543,68,18.2%,77,62.3%,56,9.2%,51,0.50,72,10.7%
162,德兹明-威尔斯,青岛每日优鲜,得分后卫,30,24,543,100,46.0%,87,57.4%,90,37.1%,43,0.81,86,10.8%
163,赵睿,广东东莞大益,得分后卫,26,19,542,79,24.4%,83,57.1%,95,41.3%,92,1.69,16,22.6%
164,鄢手骐,辽宁本钢,控球后卫,25,31,542,18,13.9%,22,43.2%,5,15.0%,15,1.08,73,14.8%
165,拉科塞维奇,浙江稠州金租,中锋,25,21,541,78,24.1%,42,55.5%,69,12.4%,55,0.51,49,14.6%
166,王向彬,宁波甬兴证券,小前锋,23,32,536,2,9.7%,24,52.1%,31,7.1%,70,0.73,13,16.8%
167,周湛东,山西汾酒股份,控球后卫,32,29,528,15,13.6%,60,53.6%,25,21.1%,55,1.56,51,17.9%
168,方硕,北京首钢,得分后卫,32,22,527,65,21.1%,40,50.1%,83,29.7%,86,1.40,37,16.2%
169,鲁吐布拉,新疆伊力王酒,中锋,23,31,524,42,18.3%,24,53.6%,31,7.2%,31,0.39,54,14.1%
170,林书豪,北京首钢,得分后卫,34,23,518,94,30.7%,56,54.4%,89,34.9%,68,1.14,48,15.5%
171,威姆斯,广东东莞大益,小前锋,36,20,509,94,27.4%,67,57.4%,100,41.8%,100,1.53,2,21.0%
172,冯欣,浙江广厦控股,控球后卫,30,32,506,56,19.8%,91,60.4%,40,27.1%,42,1.37,35,21.3%
173,吉伦沃特,山东高速,大前锋,34,25,497,100,36.3%,93,67.0%,75,10.7%,9,0.29,61,11.6%
174,陶彦儒,苏州肯帝亚,得分后卫,23,23,495,76,23.7%,32,47.2%,41,14.3%,16,0.60,27,17.5%
175,王洪,青岛每日优鲜,控球后卫,30,25,488,24,14.7%,18,41.5%,73,37.6%,96,2.56,15,27.0%
176,利夫,广州龙狮,中锋,25,15,481,99,31.5%,78,63.4%,90,19.9%,72,0.63,91,9.2%
177,邵英伦,青岛每日优鲜,大前锋,26,29,476,5,11.8%,32,51.5%,67,9.7%,91,0.83,11,18.2%
178,赵义明,深圳马可波罗,中锋,22,34,476,57,20.8%,85,65.0%,1,2.7%,0,0.13,57,13.5%
179,刘毅,山东高速,小前锋,26,32,469,15,12.5%,83,61.3%,15,6.0%,28,0.48,4,19.2%
180,赵嘉义,浙江广厦控股,大前锋,23,30,466,37,15.5%,84,62.8%,25,6.2%,28,0.40,12,18.1%
181,许梦君,苏州肯帝亚,小前锋,24,31,466,22,13.5%,37,53.3%,4,4.0%,7,0.30,94,7.6%
182,王睿,南京同曦宙光,大前锋,23,24,465,44,16.6%,19,49.7%,54,9.0%,57,0.54,30,16.4%
183,乔纳森-西蒙斯,山西汾酒股份,小前锋,33,25,465,100,38.8%,74,59.6%,98,39.4%,98,1.01,76,10.6%
184,孙桐林,北京控股,中锋,30,28,462,0,10.0%,52,57.4%,84,16.1%,100,1.60,3,24.4%
185,莫兰德,辽宁本钢,大前锋,31,25,459,54,17.8%,37,53.4%,47,8.3%,40,0.47,40,14.2%
186,曾令旭,新疆伊力王酒,得分后卫,35,28,456,28,15.9%,81,56.9%,87,34.8%,100,2.19,24,18.1%
187,武子涵,深圳马可波罗,大前锋,19,29,454,49,17.2%,74,61.6%,72,10.4%,70,0.61,7,18.9%
188,丁彦雨航,山东高速,小前锋,29,18,448,91,25.9%,56,55.7%,63,11.4%,24,0.44,41,13.4%
189,何思雨,天津先行者,得分后卫,25,21,447,14,14.4%,68,56.0%,24,11.6%,44,0.81,49,15.4%
190,塔瑞克,北京首钢,中锋,24,31,444,48,19.3%,60,59.7%,28,6.4%,22,0.33,21,19.5%
191,潘宁,天津先行者,中锋,27,23,442,15,14.8%,16,52.8%,43,8.3%,60,0.56,16,20.5%
192,王子麒,南京同曦宙光,得分后卫,26,27,442,5,13.6%,44,51.1%,13,9.5%,30,0.69,75,12.6%
193,谷泽浴,天津先行者,控球后卫,25,29,428,57,20.2%,56,52.6%,60,35.0%,69,1.74,64,16.8%
194,孙浩钦,深圳马可波罗,得分后卫,19,26,426,49,18.9%,14,43.7%,37,14.0%,40,0.74,43,15.6%
195,王骁辉,北京首钢,小前锋,32,28,420,4,9.9%,6,43.9%,26,6.7%,61,0.68,93,8.1%
196,齐浩彤,广州龙狮,大前锋,24,29,420,46,17.0%,14,47.7%,68,10.1%,67,0.59,5,19.0%
197,王旭,南京同曦宙光,控球后卫,27,15,417,78,24.0%,67,55.6%,84,39.7%,62,1.66,31,23.2%
198,王薪凯,广东东莞大益,小前锋,27,26,412,20,13.4%,44,54.3%,2,2.5%,2,0.19,6,18.1%
199,赖俊豪,浙江稠州金租,大前锋,27,32,408,4,11.6%,67,59.1%,16,5.7%,49,0.49,14,17.9%
200,张稀然,苏州肯帝亚,控球后卫,25,25,403,67,21.9%,24,43.6%,44,27.2%,31,1.25,9,28.5%
201,马泽来,宁波甬兴证券,得分后卫,22,26,400,13,14.3%,3,38.3%,56,19.5%,81,1.36,2,37.5%
202,可兰白克,上海久事,小前锋,30,25,399,37,15.2%,100,69.8%,43,8.7%,43,0.58,100,6.3%
203,吴昌泽,辽宁本钢,大前锋,22,22,399,2,11.2%,21,49.7%,5,4.5%,25,0.40,47,12.9%
204,张辉,四川金荣实业,控球后卫,26,20,395,45,17.5%,16,40.5%,27,21.1%,24,1.21,56,17.6%
205,曾繁日,广东东莞大益,中锋,26,35,395,9,13.0%,63,60.2%,37,7.6%,69,0.58,12,21.3%
206,苏伟,广东东莞大益,中锋,33,31,394,33,16.7%,69,61.9%,10,4.0%,9,0.24,1,25.5%
207,崔晓龙,苏州肯帝亚,得分后卫,23,17,394,81,25.3%,30,46.6%,76,23.6%,54,0.93,19,21.8%
208,吉布森,北京首钢,控球后卫,35,21,392,98,40.8%,98,65.8%,71,37.6%,7,0.92,89,12.0%
209,吕俊虎,青岛每日优鲜,大前锋,23,23,392,35,15.1%,70,59.6%,35,7.3%,44,0.48,32,16.2%
210,焦海龙,山东高速,大前锋,26,14,387,7,12.0%,26,50.7%,42,8.0%,77,0.66,84,8.8%
211,张皓嘉,广东东莞大益,小前锋,22,14,386,7,11.0%,94,64.1%,59,10.9%,96,0.99,69,11.7%
212,李荣培,天津先行者,得分后卫,27,30,383,32,16.3%,27,45.8%,48,16.9%,62,1.04,38,15.9%
213,林孝天,浙江稠州金租,得分后卫,23,24,383,30,16.3%,56,54.3%,70,22.7%,83,1.39,8,27.8%
214,伊力福拉提,新疆伊力王酒,得分后卫,22,30,383,38,17.2%,67,55.8%,25,12.3%,37,0.72,51,15.3%
215,张大宇,浙江稠州金租,中锋,31,31,379,18,14.9%,22,53.3%,56,10.2%,76,0.68,99,5.6%
216,衡艺丰,南京同曦宙光,小前锋,27,19,379,50,16.4%,22,51.5%,67,12.0%,72,0.73,54,13.0%
217,李京龙,广州龙狮,小前锋,27,29,367,85,21.5%,31,52.9%,13,5.7%,4,0.27,96,7.1%
218,田桂森,福建浔兴股份,小前锋,28,21,354,48,16.1%,13,45.7%,48,9.2%,41,0.57,44,13.3%
219,埃里克-格林,浙江稠州金租,得分后卫,30,14,349,97,32.7%,71,56.2%,84,30.1%,52,0.92,100,7.4%
220,李泓澎,南京同曦宙光,得分后卫,24,22,347,40,17.2%,33,47.7%,21,10.5%,19,0.61,14,23.0%
221,朱荣振,辽宁本钢,中锋,23,24,345,73,22.8%,30,54.2%,49,9.2%,36,0.40,61,13.2%
222,莱多,广东东莞大益,小前锋,30,14,344,96,33.6%,46,54.3%,96,31.9%,93,0.95,37,13.9%
223,刘志轩,辽宁本钢,得分后卫,31,22,335,0,9.6%,35,49.0%,60,20.5%,98,2.13,10,26.0%
224,刘冠岑,山东高速,小前锋,27,22,330,6,10.7%,15,47.8%,11,5.6%,31,0.53,20,16.5%
225,董瀚麟,上海久事,中锋,31,28,323,13,14.8%,36,55.2%,27,6.3%,43,0.42,7,21.8%
226,党瑞博,宁波甬兴证券,小前锋,23,21,323,13,12.4%,35,53.0%,56,10.3%,83,0.83,0,25.5%
227,李柯七,四川金荣实业,控球后卫,27,18,321,27,15.3%,35,47.5%,49,29.4%,82,1.92,25,23.8%
228,王梓旭,南京同曦宙光,小前锋,24,18,319,74,20.1%,26,52.4%,70,12.1%,54,0.60,61,12.6%
229,张涵钧,山西汾酒股份,控球后卫,30,30,318,4,11.0%,27,44.4%,20,19.0%,67,1.73,27,23.8%
230,俞泽辰,辽宁本钢,小前锋,22,27,315,30,14.6%,76,59.8%,6,4.1%,6,0.28,81,9.7%
231,阿迪力,福建浔兴股份,得分后卫,24,26,314,56,20.0%,6,39.9%,38,14.2%,33,0.71,17,21.9%
232,刘畅,北京控股,控球后卫,25,21,309,47,18.5%,4,33.7%,7,15.6%,2,0.84,24,24.0%
233,宗赞,上海久事,中锋,33,28,307,66,21.7%,49,56.5%,9,3.9%,6,0.18,76,11.3%
234,吴骁,浙江广厦控股,中锋,23,23,304,6,12.6%,100,72.7%,87,17.7%,97,1.41,0,29.1%
235,肖天,宁波甬兴证券,大前锋,23,20,303,57,18.0%,4,38.1%,77,11.2%,74,0.62,0,22.7%
236,洪仲桦,青岛每日优鲜,得分后卫,23,19,301,51,19.7%,10,41.9%,35,13.9%,32,0.71,83,11.5%
237,邬挺嘉,南京同曦宙光,控球后卫,25,17,297,42,17.2%,93,61.3%,15,17.8%,11,1.04,53,17.8%
238,张展玮,广州龙狮,小前锋,24,21,294,46,16.1%,2,42.4%,7,5.2%,9,0.32,11,16.9%
239,周俊成,辽宁本钢,得分后卫,23,20,293,3,13.0%,19,44.5%,10,8.2%,24,0.63,73,12.7%
240,高世鳌,青岛每日优鲜,中锋,22,18,292,10,13.1%,56,58.9%,19,5.6%,42,0.42,40,15.7%
241,袁振梁,四川金荣实业,中锋,24,20,291,55,20.7%,54,57.8%,66,11.8%,63,0.57,43,15.3%
242,孙鸣阳,南京同曦宙光,中锋,28,11,288,45,18.6%,7,49.3%,78,15.2%,82,0.82,79,10.3%
243,热甫卡提江,新疆伊力王酒,大前锋,24,24,288,32,14.7%,5,43.3%,4,3.9%,7,0.27,4,20.0%
244,孙,福建浔兴股份,中锋,32,26,285,1,10.4%,94,67.9%,4,3.2%,19,0.31,33,16.6%
245,李玮颢,北京控股,小前锋,25,21,285,70,19.4%,52,55.2%,20,6.4%,11,0.33,22,16.5%
246,李林岳,四川金荣实业,控球后卫,24,19,269,25,14.8%,9,37.4%,51,29.9%,91,2.02,4,36.9%
247,刘育辰,宁波甬兴证券,得分后卫,27,18,266,37,17.1%,13,43.5%,27,12.7%,38,0.74,11,24.3%
248,鞠明欣,上海久事,大前锋,29,22,263,84,20.5%,23,49.7%,37,7.3%,18,0.36,82,9.5%
249,冶征文,宁波甬兴证券,控球后卫,23,16,261,31,15.7%,11,40.1%,33,23.3%,49,1.48,2,38.1%
250,方渭博,福建浔兴股份,控球后卫,22,23,253,0,8.9%,2,30.0%,4,14.2%,57,1.61,11,27.6%
251,贾利尔-奥卡福,浙江广厦控股,中锋,27,10,248,84,25.8%,82,64.2%,76,14.9%,67,0.58,55,14.1%
252,李佳益,天津先行者,中锋,25,24,244,19,15.1%,33,54.7%,16,5.3%,25,0.35,28,17.2%
253,曲虹霖,宁波甬兴证券,中锋,20,20,243,27,15.9%,3,47.1%,73,14.5%,87,0.91,97,7.3%
254,张才仁,北京首钢,得分后卫,27,17,225,52,19.7%,11,43.1%,22,11.2%,13,0.57,84,11.0%
255,托多罗维奇,北京控股,中锋,30,14,224,97,30.4%,18,52.9%,99,29.2%,90,0.96,37,15.9%
256,王翊雄,福建浔兴股份,中锋,24,10,220,22,15.5%,34,54.9%,3,2.8%,4,0.18,45,15.1%
257,姜文,浙江广厦控股,得分后卫,26,17,217,70,22.8%,62,54.9%,75,23.1%,60,1.02,54,15.2%
258,张春军,山西汾酒股份,小前锋,35,9,212,0,6.9%,56,55.7%,25,6.7%,95,0.97,85,8.9%
259,黎璋霖,山西汾酒股份,大前锋,25,21,208,23,13.8%,89,64.6%,30,6.4%,37,0.46,33,15.6%
260,苏若禹,四川金荣实业,中锋,31,11,203,76,23.5%,64,60.5%,88,19.9%,84,0.84,56,13.9%
261,赵旭昕,苏州肯帝亚,中锋,23,17,197,12,14.7%,6,48.9%,13,4.6%,21,0.32,22,18.3%
262,朱传宇,新疆伊力王酒,中锋,24,15,197,7,13.0%,81,63.8%,12,4.5%,27,0.35,39,15.8%
263,卡米然,福建浔兴股份,得分后卫,27,18,196,71,22.8%,25,45.7%,0,3.4%,0,0.15,98,8.1%
264,高森堡,天津先行者,小前锋,27,17,193,26,13.8%,4,43.0%,9,5.6%,17,0.41,15,16.7%
265,李金效,浙江广厦控股,大前锋,25,13,188,18,13.0%,12,47.6%,19,6.0%,39,0.46,57,11.7%
266,徐铭智,福建浔兴股份,控球后卫,25,9,183,55,19.6%,84,58.8%,38,26.8%,40,1.37,33,23.0%
267,赵锦洋,广东东莞大益,得分后卫,21,17,180,24,15.4%,98,65.6%,16,9.6%,22,0.62,0,38.6%
268,张昊,广东东莞大益,中锋,20,12,177,34,17.1%,21,53.2%,7,3.7%,7,0.22,60,13.4%
269,侯沛佐,山东高速,小前锋,23,15,172,24,13.7%,7,44.0%,52,10.1%,74,0.74,9,16.9%
270,贾斯汀-汉密尔顿,北京首钢,中锋,32,8,169,85,26.0%,40,55.5%,75,14.8%,66,0.57,100,5.3%
271,闫实,苏州肯帝亚,得分后卫,21,11,163,67,22.2%,21,44.9%,32,13.6%,21,0.61,5,29.6%
272,孙鑫,苏州肯帝亚,得分后卫,22,11,160,11,14.3%,46,51.5%,3,6.9%,8,0.48,87,10.7%
273,杨皓,南京同曦宙光,控球后卫,25,12,159,82,25.6%,25,44.0%,13,17.5%,0,0.68,20,25.2%
274,刘权标,广东东莞大益,得分后卫,23,10,158,22,15.4%,92,62.0%,2,4.9%,2,0.32,6,29.3%
275,耿铭D,九台农商银行,大前锋,25,21,153,25,13.9%,7,44.8%,86,12.9%,95,0.93,98,6.6%
276,杨金蒙,青岛每日优鲜,得分后卫,27,15,150,59,20.3%,22,45.4%,43,14.4%,35,0.71,67,13.6%
277,付博文,九台农商银行,得分后卫,23,18,150,19,15.0%,24,45.5%,73,22.9%,87,1.53,21,21.1%
278,佟佳俊,广州龙狮,得分后卫,19,20,150,10,14.2%,2,37.1%,81,28.0%,97,1.97,3,35.1%
279,赵戌宏,四川金荣实业,中锋,26,10,149,49,19.7%,4,48.9%,6,3.5%,3,0.18,10,21.5%
280,曼利,四川金荣实业,中锋,24,10,149,96,29.2%,1,46.5%,46,8.5%,16,0.29,73,11.7%
281,刘天意,九台农商银行,得分后卫,28,12,147,62,20.5%,54,53.6%,5,7.0%,3,0.34,28,17.4%
282,刘家昕,青岛每日优鲜,得分后卫,21,13,146,16,14.5%,16,43.7%,59,20.4%,84,1.40,68,13.4%
283,张明池,广东东莞大益,中锋,20,13,142,75,23.1%,90,65.6%,52,9.6%,40,0.41,9,21.7%
284,胡林森,四川金荣实业,得分后卫,23,12,139,83,25.8%,5,39.0%,11,9.5%,5,0.37,22,20.6%
285,胡钧淋,四川金荣实业,控球后卫,23,6,135,2,10.7%,47,50.2%,62,35.3%,100,3.30,85,13.0%
286,罗凯文,北京控股,小前锋,27,13,130,43,15.6%,0,41.8%,56,10.6%,63,0.68,39,13.5%
287,纪卓,浙江广厦控股,大前锋,22,12,127,56,17.9%,11,46.8%,9,4.6%,5,0.26,2,21.1%
288,张正昕,九台农商银行,中锋,27,15,121,63,21.2%,9,49.5%,39,7.8%,30,0.37,30,16.9%
289,王炫,宁波甬兴证券,控球后卫,25,8,121,20,14.3%,7,35.1%,22,19.9%,44,1.40,0,39.7%
290,刘丰搏,福建浔兴股份,大前锋,29,9,114,47,17.2%,2,33.0%,21,6.1%,16,0.35,60,11.7%
291,左朕年,四川金荣实业,小前锋,26,7,114,44,16.1%,9,44.3%,0,1.6%,0,0.10,56,12.9%
292,杜金伦,浙江广厦控股,得分后卫,23,12,114,33,16.8%,0,33.6%,28,13.2%,41,0.78,63,14.4%
293,朱瀛,上海久事,大前锋,27,11,113,33,15.1%,0,30.8%,11,4.7%,11,0.31,77,10.1%
294,孟天艺,四川金荣实业,中锋,23,9,112,70,22.3%,13,51.8%,93,22.3%,93,1.00,42,15.6%
295,王政博,广州龙狮,得分后卫,26,12,110,8,13.9%,94,62.4%,6,7.2%,11,0.52,95,9.2%
296,汤杰,广东东莞大益,控球后卫,23,9,107,22,14.6%,5,34.3%,2,12.5%,4,0.85,82,14.0%
297,孙思尧,北京控股,大前锋,26,9,107,77,19.4%,91,65.5%,2,2.9%,2,0.15,19,17.6%
298,张洪硕,浙江稠州金租,大前锋,20,11,102,61,18.1%,35,53.3%,0,0.0%,0,0.00,93,7.4%
299,孙椿棚,浙江广厦控股,中锋,27,11,101,37,17.6%,0,38.7%,42,8.1%,49,0.46,4,23.2%
300,缪光D,广州龙狮,中锋,25,11,92, ,21.9%, ,39.2%, ,5.4%, ,0.25, ,18.9%
301,巴里-布朗,北京首钢,得分后卫,26,5,92, ,47.6%, ,53.4%, ,24.1%, ,0.51, ,10.9%
302,李盛东,九台农商银行,小前锋,26,11,91, ,24.9%, ,41.2%, ,9.0%, ,0.36, ,18.8%
303,韩博林,天津先行者,小前锋,27,8,90, ,21.0%, ,23.0%, ,10.6%, ,0.50, ,21.6%
304,孙岩松,福建浔兴股份,大前锋,22,7,90, ,14.4%, ,45.2%, ,5.4%, ,0.38, ,17.1%
305,吴轲,山西汾酒股份,中锋,32,11,87, ,16.1%, ,32.1%, ,9.9%, ,0.62, ,9.7%
306,戴昊,上海久事,控球后卫,20,6,85, ,20.6%, ,52.7%, ,37.2%, ,1.81, ,25.4%
307,马鑫鑫,山东高速,中锋,19,13,84, ,12.5%, ,70.4%, ,3.6%, ,0.29, ,47.7%
308,刘宇轩,苏州肯帝亚,大前锋,23,8,82, ,21.8%, ,42.3%, ,9.6%, ,0.44, ,18.5%
309,马力克,广东东莞大益,得分后卫,20,7,82, ,8.4%, ,25.1%, ,3.2%, ,0.38, ,20.1%
310,焦恩格尔,南京同曦宙光,中锋,27,7,82, ,18.8%, ,35.3%, ,12.7%, ,0.67, ,16.8%
311,于晓辉,新疆伊力王酒,中锋,24,10,81, ,16.4%, ,49.0%, ,7.7%, ,0.47, ,7.0%
312,西尔扎提,新疆伊力王酒,控球后卫,21,15,80, ,16.8%, ,33.8%, ,22.3%, ,1.32, ,26.5%
313,文雁行,山东高速,控球后卫,27,9,79, ,18.3%, ,61.7%, ,22.0%, ,1.20, ,9.3%
314,于长春,深圳马可波罗,大前锋,31,9,75, ,12.8%, ,43.0%, ,1.9%, ,0.15, ,9.2%
315,王昊宇,南京同曦宙光,控球后卫,22,9,75, ,12.6%, ,16.7%, ,23.1%, ,1.83, ,14.3%
316,关宁,南京同曦宙光,控球后卫,23,8,68, ,20.8%, ,40.2%, ,24.1%, ,1.16, ,44.6%
317,曹飞,山西汾酒股份,控球后卫,31,7,66, ,12.2%, ,39.3%, ,10.1%, ,0.83, ,22.2%
318,李英博,福建浔兴股份,大前锋,23,10,66, ,12.4%, ,18.2%, ,2.2%, ,0.18, ,38.9%
319,刘禹涛,九台农商银行,中锋,25,7,65, ,20.3%, ,60.6%, ,0.0%, ,0.00, ,10.8%
320,李青翔,北京控股,控球后卫,30,8,64, ,13.3%, ,25.9%, ,20.8%, ,1.56, ,27.0%
321,张卓,北京首钢,大前锋,26,5,62, ,19.4%, ,58.6%, ,11.7%, ,0.60, ,15.8%
322,万圣伟,南京同曦宙光,中锋,28,3,62, ,22.3%, ,41.2%, ,8.6%, ,0.38, ,23.3%
323,李龙元,北京控股,得分后卫,21,5,61, ,16.0%, ,43.1%, ,11.8%, ,0.74, ,4.6%
324,韩霈瑜,山西汾酒股份,大前锋,21,4,53, ,18.8%, ,40.0%, ,10.5%, ,0.56, ,22.2%
325,杨阿力,北京首钢,控球后卫,21,9,50, ,21.1%, ,62.3%, ,23.4%, ,1.11, ,37.0%
326,孟翔,深圳马可波罗,小前锋,25,3,49, ,19.1%, ,32.5%, ,8.8%, ,0.46, ,4.8%
327,徐昕,广东东莞大益,中锋,19,6,49, ,23.0%, ,61.1%, ,0.0%, ,0.00, ,12.0%
328,买尔丹,深圳马可波罗,中锋,34,6,46, ,5.7%, ,56.8%, ,9.1%, ,1.59, ,85.0%
329,颜鹏,上海久事,小前锋,26,3,44, ,17.3%, ,34.6%, ,14.7%, ,0.85, ,17.2%
330,周仪翔,北京首钢,得分后卫,31,7,44, ,15.5%, ,0.0%, ,18.1%, ,1.16, ,28.6%
331,王文宇,山东高速,控球后卫,25,8,44, ,14.7%, ,46.1%, ,30.6%, ,2.08, ,29.1%
332,付磊,广州龙狮,得分后卫,26,5,43, ,15.7%, ,50.0%, ,12.6%, ,0.80, ,6.7%
333,白杰,南京同曦宙光,小前锋,24,3,43, ,19.5%, ,40.0%, ,13.7%, ,0.70, ,16.7%
334,刘雁宇,辽宁本钢,中锋,23,7,43, ,12.7%, ,33.3%, ,0.0%, ,0.00, ,25.0%
335,田野,天津先行者,控球后卫,32,6,39, ,13.8%, ,51.5%, ,39.7%, ,2.87, ,34.0%
336,马壮,辽宁本钢,得分后卫,23,6,34, ,13.5%, ,47.7%, ,14.8%, ,1.10, ,9.6%
337,郑昊燃,天津先行者,小前锋,23,3,33, ,6.8%, ,90.0%, ,0.0%, ,0.00, ,0.0%
338,卢艺文,深圳马可波罗,大前锋,27,3,32, ,17.8%, ,53.8%, ,4.3%, ,0.24, ,0.0%
339,姚天一,广州龙狮,控球后卫,28,5,32, ,18.1%, ,27.3%, ,18.8%, ,1.04, ,8.3%
340,赵晏满,广州龙狮,中锋,23,7,30, ,21.9%, ,45.0%, ,10.5%, ,0.48, ,36.0%
341,李佳恒,北京控股,控球后卫,21,5,29, ,20.0%, ,62.5%, ,23.6%, ,1.18, ,33.3%
342,彭森傲,深圳马可波罗,中锋,19,5,29, ,18.1%, ,39.9%, ,0.0%, ,0.00, ,34.7%
343,孔德高,九台农商银行,得分后卫,21,10,25, ,18.8%, ,17.1%, ,5.2%, ,0.27, ,10.2%
344,刘颜诚,广州龙狮,小前锋,20,3,24, ,13.5%, ,115.4%, ,0.0%, ,0.00, ,27.8%
345,张泽龙,山西汾酒股份,小前锋,27,2,20, ,27.6%, ,55.7%, ,8.1%, ,0.29, ,16.8%
346,李想,深圳马可波罗,大前锋,24,3,20, ,10.7%, ,25.0%, ,13.9%, ,1.29, ,20.0%
347,何重达,上海久事,大前锋,28,2,19, ,16.3%, ,25.0%, ,0.0%, ,0.00, ,0.0%
348,薛驰,宁波甬兴证券,大前锋,22,4,17, ,18.8%, ,80.0%, ,0.0%, ,0.00, ,28.6%
349,杨凯,山西汾酒股份,小前锋,26,2,12, ,11.0%, ,17.4%, ,0.0%, ,0.00, ,0.0%
350,谢立石,天津先行者,得分后卫,25,1,12, ,20.5%, ,46.0%, ,74.9%, ,3.65, ,15.5%
351,时振恺,浙江稠州金租,小前锋,20,2,11, ,19.6%, ,20.0%, ,0.0%, ,0.00, ,0.0%
352,常林,北京首钢,大前锋,34,2,9, ,15.5%, ,50.0%, ,0.0%, ,0.00, ,33.3%
353,满奕呈,北京控股,小前锋,23,1,9, ,28.9%, ,33.3%, ,0.0%, ,0.00, ,40.0%
354,刘晋廷,苏州肯帝亚,大前锋,22,1,9, ,5.8%, ,0.0%, ,0.0%, ,0.00, ,0.0%
355,范依铭,北京首钢,大前锋,21,2,9, ,16.1%, ,0.0%, ,0.0%, ,0.00, ,66.7%
356,任骏哲,浙江稠州金租,控球后卫,19,3,9, ,45.3%, ,0.0%, ,43.1%, ,0.95, ,33.3%
357,王化东,辽宁本钢,大前锋,23,2,8, ,14.3%, ,69.4%, ,0.0%, ,0.00, ,41.0%
358,孙昊淼,新疆伊力王酒,大前锋,19,3,7, ,42.0%, ,17.4%, ,0.0%, ,0.00, ,14.8%
359,石颜博,北京控股,大前锋,22,1,6, ,15.0%, ,0.0%, ,19.4%, ,1.29, ,50.0%
360,潘威,福建浔兴股份,控球后卫,22,1,6, ,30.9%, ,0.0%, ,0.0%, ,0.00, ,50.0%
361,陆翊铭,浙江稠州金租,得分后卫,20,1,6, ,6.8%, ,100.0%, ,0.0%, ,0.00, ,0.0%
362,皇甫承轩,南京同曦宙光,控球后卫,21,1,5, ,38.3%, ,0.0%, ,0.0%, ,0.00, ,0.0%
363,栾利程,北京首钢,小前锋,24,1,4, ,11.6%, ,56.8%, ,0.0%, ,0.00, ,0.0%
364,郭昱彰,新疆伊力王酒,小前锋,19,1,2, ,20.0%, ,0.0%, ,0.0%, ,0.00, ,100.0%
365,司坤,山东高速,得分后卫,27,1,1, ,74.7%, ,0.0%, ,0.0%, ,0.00, ,100.0%
366,刘炜,天津先行者,控球后卫,22,2,1, ,33.9%, ,0.0%, ,0.0%, ,0.00, ,100.0%
367,张扬,青岛每日优鲜,小前锋,22,1,0, ,0.0%, ,0.0%, ,0.0%, ,0.00, ,0.0%
